Region Rank	Rank	Name	Rating
13	23	Riopaser	1772.373
24	102	LeunamTG	1760.117
44	185	~SKALARI~	1744.344
51	203	Ismael	1736.419
69	238	David	1728.984
80	257	Godey	1725.021
82	261	Mario	1723.062
83	262	Jorge	1722.748
90	273	Rikperz	1721.381
91	276	Domi	1720.723
108	303	ToXiC	1715.553
121	327	Benji	1711.22
123	329	Jανι♡†	1711.066
143	364	Juancho	1707.015
147	372	André	1705.549
158	394	Samu	1703.311
167	413	Zaiko	1701.318
180	436	Pint0	1698.576
184	448	7illo	1696.74
191	458	Marquitos	1694.237
192	459	Caribe	1694.164
193	460	Pipa	1694.127
204	476	CansecoChánn	1692.167
206	480	Zaneek	1691.864
215	502	Lekiam	1689.465
220	513	Pako Glitch	1687.592
239	542	JG	1684.48
245	554	Hugo .-.	1683.208
260	584	Manu	1680.365
268	598	Nani	1677.931
275	611	Er Yayo	1677.009
276	618	Guschar	1676.397
283	628	Javi	1675.06
285	631	Matthew	1674.722
292	645	Gope	1673.246
296	651	Mika	1672.828
299	656	Rixoh	1672.049
300	663	Nash	1671.608
347	762	Boza	1664.754
355	776	Julio Lobo	1664.088
374	808	Raúl	1662.373
380	818	Cañuelo	1661.894
387	838	Alexis	1660.634
395	852	Guillem	1659.766
398	861	Jejemena <3	1658.828
409	876	cům	1657.793
420	900	Degeoh	1656.247
433	920	mrpastrana	1655.098
434	921	Jet	1655.09
436	926	PatxiJoker	1654.928
439	930	Martincho	1654.779
440	934	Slam	1654.595
443	938	Tricejer	1654.492
453	965	Ssaancheez	1653.194
460	975	RoiRehh	1652.728
464	982	Jorge	1652.468
468	987	Juanfi	1651.987
469	989	CostaGG	1651.915
471	993	Purple	1651.829
497	1046	Jorlon	1648.45
505	1065	Juanma	1647.199
508	1071	Dani	1646.887
514	1078	Gui	1646.683
522	1096	$AlexGaMeS$	1645.067
524	1103	enrique	1644.673
527	1108	Staraptor	1644.542
535	1133	Regis Regis	1643.019
546	1153	Marta	1641.906
587	1248	Alvaro	1637.399
603	1278	ApoZGZ	1635.828
621	1314	VictorJColl	1634.371
643	1349	Elhaci	1632.247
645	1355	Lledó	1631.999
667	1400	Gary Oak	1630.003
668	1401	Fan	1629.994
682	1420	Brea	1628.876
684	1428	TeisonVGC	1628.556
685	1432	Phebe	1628.198
688	1444	Varomlg2	1627.641
708	1485	Erik	1625.754
727	1526	CpGame	1624.164
728	1529	Cristian	1623.97
730	1532	DaXis	1623.933
737	1544	Roberto	1623.416
752	1571	Hiramidas	1622.368
757	1582	Fang Fang	1621.728
766	1601	Cro	1620.812
774	1613	Artema	1620.535
784	1637	Albus D.	1619.746
785	1639	Gian	1619.693
790	1648	Rubén	1619.237
794	1656	TorquatoTass	1618.971
796	1658	AB	1618.839
799	1662	TG 21	1618.711
807	1683	Pedro	1617.831
819	1714	Adri	1616.662
822	1721	Berto	1616.51
826	1725	Jamie	1616.363
829	1728	Tongo	1616.293
833	1734	Javi	1616.195
840	1750	Lluis	1615.483
850	1766	Juaco	1614.893
862	1794	Kiara	1614.027
881	1836	Jun	1612.617
886	1850	Arth	1612.24
887	1851	SloKoi	1612.176
888	1852	★♪Rai♪★	1612.144
897	1868	David	1611.347
898	1870	Monroy	1611.323
910	1895	Cancerberus	1610.831
919	1907	Xpartaz	1610.553
923	1914	ivonetus	1610.326
926	1918	Bise	1610.242
928	1921	Benjaisdead	1610.231
937	1937	IrvingDP	1609.715
948	1963	Mary	1608.802
962	1991	Jony.M	1607.931
965	1997	Pelluhue	1607.809
966	1998	Ash Ketchup	1607.798
971	2015	Adri	1607.373
974	2019	PateoDaSilva	1607.278
990	2042	knight-vgc	1606.729
999	2068	A.Ramiirez9	1606.177
1018	2097	Mónica	1605.604
1019	2098	Jose Manuel	1605.6
1023	2107	Seba	1605.345
1026	2112	Imanol	1605.11
1029	2118	Oden	1604.883
1042	2152	Óscar	1603.702
1047	2163	Darkrai	1603.468
1053	2173	EXHOUL	1603.253
1055	2178	Yailker	1603.107
1061	2187	José Luis	1602.914
1066	2211	Leo	1602.218
1070	2222	wajeee	1601.853
1072	2225	Mike-VGC	1601.786
1079	2239	Henry	1601.382
1084	2255	Nico	1600.855
1086	2259	Javo	1600.772
1094	2274	Kera	1600.393
1096	2282	Dyrell	1600.262
1099	2286	Lusho	1600.187
1102	2289	Guille	1600.104
1108	2300	David Ale	1599.627
1110	2304	Beto	1599.561
1114	2312	Jorge	1599.353
1121	2325	Jonh	1599.144
1123	2328	Andrés	1599.032
1138	2354	Joaquín	1598.0
1143	2365	Carroll14	1597.695
1152	2382	MrSidi	1597.111
1156	2389	Charanda	1596.927
1160	2394	Calatrava	1596.712
1163	2400	Julen	1596.436
1170	2413	Pepe	1595.884
1176	2420	Nicolás	1595.638
1177	2423	Pedro	1595.532
1195	2454	Kevid	1594.469
1197	2458	Adri	1594.285
1198	2461	Sarox	1594.183
1220	2507	Caevz	1592.593
1225	2516	Jordi	1592.177
1233	2531	David	1591.536
1236	2539	Jennie	1591.385
1242	2550	Matyel	1591.114
1255	2579	Jisoo	1590.361
1261	2591	rRedl	1590.023
1271	2612	Willy	1589.497
1277	2620	Lombuitres	1588.982
1280	2626	Jardel 	1588.766
1282	2630	Eslender	1588.632
1297	2655	Àlex III	1588.041
1305	2669	Klaudin	1587.731
1327	2715	Sangy	1586.49
1328	2716	Topo	1586.461
1336	2728	GonesTR	1586.169
1340	2735	Michel	1586.056
1342	2738	mauGML08	1586.011
1363	2771	Askka	1584.993
1387	2809	Eronyx	1583.913
1388	2811	Sores	1583.886
1395	2822	Rafa	1583.476
1396	2823	CortesitaLyn	1583.444
1398	2825	Juanma	1583.439
1399	2826	Losandy	1583.436
1416	2858	J0KERTNF	1582.54
1418	2862	Charly	1582.46
1423	2875	Miguel	1582.167
1424	2876	Beto D.	1582.13
1431	2892	Lebrero	1581.638
1433	2895	Jaime	1581.591
1435	2898	DarkyMaster	1581.442
1441	2912	Barthozze	1581.029
1455	2932	Rubén	1580.583
1461	2938	miki	1580.427
1477	2971	FeliredVD	1579.752
1480	2975	TG TR Kid	1579.659
1487	2989	luis	1579.455
1489	2993	Rubendaval	1579.413
1508	3024	xHakaix	1578.835
1509	3026	Gaby	1578.8
1511	3028	Shakéndo	1578.782
1514	3034	Sal$o	1578.64
1523	3049	S36	1578.318
1524	3052	Kiko	1578.139
1526	3054	Calatrava	1578.101
1528	3059	Okkito	1577.983
1534	3069	DaniCorrals	1577.757
1544	3084	Batman	1577.541
1557	3109	Gmz	1576.83
1559	3112	Brandon	1576.803
1567	3129	Felix	1576.428
1572	3139	Irina	1576.168
1573	3140	STKSigurboy	1576.156
1609	3213	Mandonga	1574.92
1619	3228	E-LEVEN	1574.655
1625	3241	David	1574.331
1628	3253	Jorge	1574.079
1633	3262	Biorn	1573.828
1639	3271	Jorge	1573.56
1643	3280	Cris R.S.	1573.262
1649	3296	Demoledor	1572.882
1650	3298	FRAN	1572.866
1651	3300	tafi	1572.861
1659	3313	Gato Podrio	1572.715
1661	3315	Kurbitoo	1572.64
1669	3339	Canovax	1572.317
1670	3342	ANGEL.	1572.222
1679	3361	Guttixx	1571.869
1682	3365	Pablo	1571.793
1691	3381	Jorge	1571.464
1693	3383	Phamton Evil	1571.355
1695	3385	Hiru	1571.316
1715	3423	Teren	1570.552
1716	3425	Jonan	1570.543
1726	3445	Viishuela	1570.252
1733	3463	Xavo	1569.921
1736	3470	Lucky	1569.793
1746	3491	Khorko	1569.331
1751	3499	JWen	1569.159
1756	3506	Sero	1569.033
1766	3530	Chompy	1568.35
1776	3545	Pablo	1567.847
1783	3559	Trezko	1567.678
1785	3564	Feray	1567.573
1791	3579	alex	1567.149
1800	3599	Cristian7gg	1566.706
1803	3604	Forcho	1566.556
1807	3613	AN_GREEN	1566.378
1821	3637	Edrin	1565.889
1824	3641	Sergio	1565.836
1825	3643	Ariesx	1565.752
1829	3649	ffredes	1565.608
1832	3655	Cygnus B	1565.512
1833	3661	Skymer	1565.422
1834	3662	Yisus	1565.42
1837	3672	Cancersita	1565.015
1848	3695	Layla	1564.488
1851	3699	David	1564.396
1852	3702	FrancisKet	1564.356
1857	3717	Reyvaj	1563.962
1863	3727	Yata	1563.762
1865	3731	Antonio	1563.597
1877	3753	Black	1563.063
1883	3762	Caroz	1562.912
1884	3765	SaintLucho	1562.87
1886	3767	Bruno	1562.83
1892	3777	Mario	1562.716
1894	3781	Yoda	1562.67
1901	3796	Bakemono	1562.438
1904	3800	Lobo	1562.403
1905	3805	Espenkjell	1562.327
1909	3811	Candiakaiser	1562.134
1912	3818	thewho	1561.993
1915	3824	Iktan	1561.856
1917	3831	Jusep	1561.777
1924	3844	Jugol	1561.586
1928	3851	Nico	1561.439
1934	3861	Sifrido	1561.285
1946	3884	Jos3	1560.953
1949	3888	Ro	1560.842
1955	3901	Almeja	1560.577
1964	3916	Amaterios	1560.356
1965	3919	Deathberserk	1560.325
1978	3950	tifanny	1559.667
1994	3978	Brad	1559.23
2011	4014	Dios	1558.564
2013	4017	Javi	1558.526
2014	4018	Varo	1558.521
2018	4025	Alvaro Senju	1558.437
2020	4027	Buffon	1558.399
2033	4051	Alejandro	1557.92
2044	4067	Yuuki	1557.626
2049	4077	Javi	1557.436
2073	4120	Lety	1556.566
2078	4128	Zlashtan	1556.418
2079	4128	Gera	1556.418
2086	4147	Ali	1556.038
2090	4153	william	1555.883
2094	4163	Flygon	1555.767
2096	4165	Meins	1555.702
2111	4203	Danonino	1554.965
2119	4222	Bryan	1554.645
2135	4249	A25	1554.326
2144	4269	David	1554.02
2147	4275	Luty	1553.909
2152	4281	Roberto	1553.799
2158	4294	Sebba	1553.457
2164	4311	JeanRyuPR	1553.126
2165	4312	Bruce	1553.11
2168	4318	Olga	1553.052
2170	4321	Chris	1552.988
2172	4325	AXEL	1552.826
2184	4352	Trejox	1552.399
2188	4367	Sebas	1552.202
2209	4404	Gaia	1551.322
2222	4434	LMagician	1550.801
2225	4442	JaimeBM	1550.681
2248	4487	Vezz Ra	1550.186
2249	4489	Roar	1550.171
2254	4499	IVeygon	1550.024
2255	4505	Leuco	1549.957
2257	4516	Adrien	1549.751
2263	4526	Rikku	1549.603
2264	4527	Axel	1549.589
2272	4540	cochiloko	1549.371
2308	4611	Tobias	1548.339
2316	4624	Playmaker	1548.183
2329	4639	monus	1547.998
2331	4642	Jorge Czl	1547.958
2347	4676	Andrés	1547.576
2355	4694	JuanAsh	1547.272
2358	4700	Necro	1547.199
2361	4706	Echelon	1547.081
2377	4733	Khain	1546.691
2390	4756	Izquierdo	1546.332
2394	4761	Jordi	1546.219
2405	4782	Fey	1545.978
2409	4788	Elodin	1545.882
2438	4844	Unni	1545.187
2467	4893	Joseka	1544.667
2475	4912	Pepe	1544.337
2479	4918	Adrian	1544.229
2482	4924	Arturo	1544.19
2495	4950	Armonia	1543.819
2500	4963	Haru	1543.72
2502	4967	Euris	1543.688
2504	4971	Biwel	1543.659
2509	4979	Miguel	1543.549
2513	4984	Rulo	1543.485
2525	5006	NIO GEU 	1543.157
2531	5017	GARUGA	1542.981
2543	5038	L O W	1542.752
2554	5063	Ago	1542.384
2555	5065	Michael	1542.361
2562	5076	Iago	1542.15
2569	5089	Puch	1541.937
2571	5092	Avan Jogia	1541.915
2576	5100	Hiro	1541.744
2577	5103	Dínek	1541.724
2590	5127	Kroh	1541.396
2598	5144	Samir	1541.215
2610	5166	Oscar	1540.858
2636	5220	Samuel	1540.019
2664	5267	Sciarlesz	1539.101
2666	5273	Bruno	1538.995
2674	5293	Tenseigt	1538.767
2676	5300	Yisus	1538.671
2699	5341	Massa	1538.142
2700	5342	InfiRed	1538.141
2704	5350	Alexb	1538.02
2709	5356	Jorge	1537.936
2720	5379	RheidyZP	1537.538
2725	5393	Pablo	1537.377
2726	5394	Adrián	1537.375
2727	5395	Moren	1537.369
2728	5396	KrabLord	1537.365
2745	5442	Sera	1536.78
2749	5449	Maximiliano	1536.677
2755	5458	Lejandre	1536.596
2757	5463	Charly S.	1536.504
2760	5472	Ivos	1536.388
2773	5492	JuanmaEl32	1536.129
2777	5498	Betiña	1536.031
2787	5516	Boris	1535.691
2791	5521	armani	1535.581
2793	5523	Guille	1535.558
2798	5535	Jakkals	1535.432
2821	5583	Alfonso	1534.612
2837	5609	Tyrex	1534.385
2838	5610	papi	1534.38
2846	5624	Cid	1534.107
2849	5632	Max	1533.97
2853	5643	Carlos	1533.768
2866	5660	Jorge	1533.586
2875	5676	Pyro	1533.393
2890	5700	Aithor	1533.115
2894	5709	VICTOR	1532.989
2904	5726	Adrián	1532.75
2906	5731	Pitelino	1532.695
2909	5737	Vicsan10	1532.582
2917	5751	Grel	1532.412
2922	5757	TrainerBor90	1532.304
2923	5758	WanesUwU	1532.284
2927	5762	Anya	1532.228
2936	5783	Danny	1531.981
2945	5799	Gerardón	1531.736
2947	5804	Mabri	1531.628
2952	5812	Mier Romero	1531.538
2953	5815	TuNGO	1531.535
2964	5838	Celio	1531.272
2967	5842	Muta	1531.183
2979	5862	Echo	1530.918
3009	5919	Getsu	1530.108
3022	5941	Baxeltor	1529.68
3027	5950	kafkiana	1529.552
3029	5956	Leo Scifer	1529.452
3031	5965	nico	1529.343
3036	5971	Owless	1529.277
3039	5977	Gon	1529.178
3044	5990	Lobon	1529.075
3048	5997	Aaron	1528.949
3049	5998	Eric David	1528.93
3050	5999	Gerard	1528.911
3052	6002	Hiei	1528.873
3070	6031	David	1528.579
3075	6044	José	1528.371
3078	6056	Zoro	1528.249
3079	6057	Haize	1528.245
3095	6101	Hohen	1527.8
3097	6106	Carlos	1527.765
3102	6120	Mochi <3	1527.697
3123	6156	Chris	1527.229
3126	6166	Orac	1527.067
3129	6171	Ziggy	1527.013
3138	6186	Zady	1526.777
3142	6194	Remu	1526.665
3150	6206	Daniel	1526.495
3151	6207	Alvaro	1526.494
3157	6221	gera	1526.265
3164	6235	Nano	1526.11
3167	6241	tynator	1526.051
3184	6271	DaniHotaku	1525.75
3185	6272	Elmoz Taza	1525.749
3187	6281	Ram_otto	1525.595
3197	6297	Brian	1525.419
3199	6299	PBardo13	1525.397
3203	6304	David	1525.248
3204	6307	Yuks	1525.21
3211	6324	Ella	1524.999
3214	6329	Alberto	1524.913
3215	6329	Medal	1524.913
3216	6331	Sirath	1524.911
3222	6347	Wilgon	1524.681
3227	6355	Cristina	1524.617
3232	6365	Pere	1524.337
3240	6380	ce3olla	1524.126
3253	6404	yisus	1523.647
3260	6418	Xuxi	1523.489
3261	6419	Usagi	1523.482
3268	6434	Nacho	1523.229
3284	6472	Jøzef	1522.769
3304	6517	Pedrillo	1522.069
3318	6547	Lukiba	1521.748
3319	6550	Alex	1521.718
3323	6555	Pexa	1521.649
3325	6558	Clementine	1521.577
3326	6559	Yair	1521.57
3330	6565	nashe2022	1521.518
3339	6578	cristian	1521.335
3349	6599	Dastan	1521.13
3352	6603	LUI$	1521.065
3356	6610	Irsa	1520.953
3360	6617	Luigui	1520.858
3363	6621	IvanGML	1520.79
3373	6645	matynismo	1520.496
3403	6711	Juanito	1519.835
3421	6745	HerKain	1519.521
3428	6756	Røßær	1519.41
3431	6759	Belze	1519.371
3434	6766	David	1519.335
3436	6773	Erickpoux	1519.292
3440	6781	LikoMcLou	1519.24
3451	6806	Mati	1519.077
3466	6830	Tapias	1518.845
3479	6857	Yoppo	1518.627
3489	6878	Lucho	1518.478
3493	6883	BenjiCumbias	1518.45
3503	6901	Luisernz	1518.293
3508	6910	Andrius	1518.201
3511	6918	λrcεδ	1518.155
3512	6919	Vacaeburro	1518.154
3513	6922	Nes	1518.117
3514	6925	Chess	1518.098
3516	6927	EfraVGC	1518.086
3517	6930	Fran	1518.071
3530	6953	Gibson	1517.909
3536	6964	Ale	1517.843
3539	6971	emer	1517.716
3541	6973	Fercho	1517.681
3549	6990	David	1517.482
3550	6991	Antonio	1517.473
3558	7002	Aurora	1517.354
3562	7010	Mireyuu	1517.251
3586	7061	Nimzhul	1516.89
3607	7103	Saar	1516.532
3608	7105	kirk	1516.503
3618	7125	Antonio	1516.386
3632	7147	Krazy'P	1516.153
3639	7158	Roviciado	1516.074
3641	7160	Jey	1516.04
3642	7162	DiegoPR	1516.024
3651	7181	Chocobo	1515.895
3652	7182	Yoli	1515.892
3657	7190	Castillovw	1515.85
3664	7200	Gonzalo	1515.774
3667	7210	Sunny	1515.697
3669	7215	ShadowJeff	1515.653
3676	7224	Pipo	1515.598
3678	7229	Cesc	1515.567
3688	7246	Rivass	1515.462
3692	7252	Darkwon	1515.42
3694	7255	Tobe	1515.411
3695	7256	Kamelot	1515.409
3696	7258	Mits	1515.407
3705	7275	Roleskett	1515.232
3713	7291	ZekkenVi	1515.098
3731	7326	Maestro	1514.902
3732	7326	Topo	1514.902
3753	7364	Y0UC3F	1514.587
3772	7397	Pablo	1514.385
3773	7399	Wololo	1514.367
3774	7400	Mexon	1514.362
3783	7421	Tetsu	1514.267
3785	7427	Alvaro	1514.247
3786	7428	Gus	1514.221
3792	7437	Ash	1514.17
3806	7463	Eddy	1514.03
3811	7471	Juliana	1513.969
3814	7480	Renée	1513.902
3840	7516	Chito	1513.606
3843	7519	Daniel	1513.593
3847	7526	HieloHex	1513.524
3848	7527	Avilés	1513.454
3852	7532	Watanga	1513.423
3870	7561	PaRaDoX	1513.173
3873	7565	Tetesik	1513.116
3875	7569	Andrés	1513.073
3877	7575	Gibson	1513.023
3881	7579	Jxnh	1512.989
3884	7585	dragonfran	1512.952
3894	7596	Polo*	1512.871
3904	7610	Berni	1512.788
3905	7611	moyo	1512.786
3916	7639	xXx	1512.444
3918	7643	maikerou	1512.378
3924	7659	Lalo	1512.248
3926	7666	Diguik	1512.18
3935	7683	Ferchoxx	1512.055
3938	7686	Javier	1512.049
3949	7705	Pablo	1511.818
3953	7713	Failbor	1511.729
3966	7742	Pedro J	1511.476
3971	7753	Joel	1511.345
3979	7764	Merlin	1511.261
3984	7770	Emily	1511.143
3990	7782	Nico	1511.032
3995	7795	Bastian	1510.93
3999	7799	RaLY	1510.891
4002	7805	JC-Master	1510.853
4010	7829	Enrique	1510.693
4018	7840	Jonathan	1510.603
4026	7854	Byron	1510.419
4028	7856	Rodrigo	1510.404
4031	7863	Clàudia	1510.33
4034	7870	Gor	1510.253
4039	7876	Johan	1510.197
4042	7879	Shane	1510.121
4046	7885	Firesoul	1510.049
4056	7905	dazu	1509.793
4060	7910	Akira	1509.739
4063	7915	Matías	1509.69
4072	7936	Luis	1509.471
4077	7959	Pedrolou13	1509.201
4081	7967	Fola	1509.092
4083	7970	Alejandro	1509.06
4088	7978	Samuel	1508.954
4104	8014	Angel	1508.579
4105	8017	GRC	1508.567
4110	8029	Cesar	1508.408
4112	8032	JP	1508.333
4116	8041	Davi	1508.292
4117	8046	LAPUTA	1508.26
4129	8070	Dannkiedis	1507.924
4130	8071	ikki	1507.921
4144	8097	Kaaxerd	1507.555
4148	8105	Sh4mbl3s	1507.515
4158	8120	Carbón	1507.293
4166	8132	Radiactivo	1507.183
4169	8136	Lars	1507.156
4171	8139	xavier	1507.087
4174	8144	PetFer	1507.041
4179	8151	Ralip	1506.969
4181	8155	Nahhu	1506.915
4182	8158	Melanie	1506.899
4183	8160	Sergio	1506.881
4186	8170	RuddKaiser	1506.778
4187	8174	Sirius	1506.741
4194	8183	Yolotzin	1506.662
4196	8187	SlewohA	1506.646
4197	8188	Bokuto	1506.639
4200	8192	Mica	1506.603
4204	8199	Drekion	1506.518
4209	8208	Starburstrr	1506.46
4212	8213	Román	1506.415
4217	8219	Mishel D.	1506.338
4219	8221	Roberto	1506.31
4225	8237	Chop	1506.102
4231	8245	David	1505.986
4241	8262	Jonathan	1505.801
4243	8266	X-Demon	1505.781
4249	8275	Pitagores	1505.644
4254	8284	Noel	1505.553
4258	8290	Liliwus	1505.521
4261	8294	Jere	1505.462
4265	8298	Kalitha	1505.444
4276	8316	Pablo	1505.324
4282	8326	Lucas	1505.256
4304	8359	Axōlōvanni	1504.99
4307	8365	Diego	1504.909
4309	8368	Spada	1504.861
4311	8371	Jose	1504.805
4313	8373	iwgly	1504.798
4316	8377	Houselight	1504.775
4321	8386	Tico	1504.693
4324	8390	Bari	1504.641
4326	8392	Toledo	1504.638
4337	8413	Gonzalo	1504.379
4341	8418	Joshua	1504.339
4361	8449	Eskol	1504.022
4363	8452	Seebax	1503.994
4369	8466	Axel	1503.868
4372	8472	Eu	1503.77
4376	8482	Franchu	1503.661
4381	8492	Scoglianetti	1503.585
4385	8496	Custoya	1503.552
4402	8530	Sitinho	1503.226
4407	8536	NatroX	1503.144
4419	8559	Gorens	1502.945
4432	8580	Karra	1502.739
4433	8581	Nasch	1502.73
4441	8596	Cristal	1502.578
4443	8602	Diego	1502.523
4449	8611	Charlestun	1502.485
4450	8612	Raxet	1502.484
4470	8644	Andros	1502.241
4471	8648	Luks94	1502.201
4476	8660	KEZUO	1502.063
4483	8670	Juax	1501.984
4485	8674	Rivas	1501.954
4487	8676	Rio	1501.95
4489	8678	Uriel	1501.921
4490	8680	Uva	1501.914
4491	8685	AngelZer0	1501.86
4492	8686	Ray	1501.828
4496	8690	Kynt3	1501.784
4504	8706	Red Knight	1501.594
4512	8719	Miguel	1501.517
4519	8731	CesaRocks	1501.421
4521	8733	Juliana	1501.416
4531	8748	Aluna	1501.325
4532	8748	Pedro	1501.325
4541	8759	Jose	1501.251
4543	8761	Krhiz	1501.232
4552	8774	Peña	1501.123
4554	8776	Julián	1501.087
4603	8871	Gummybearoro	1500.318
4604	8873	Xentauros	1500.305
4611	8883	Picarot	1500.217
4613	8886	Alex	1500.181
4625	8910	Abiel	1499.986
4649	8957	Manu	1499.654
4663	8980	Rubén2TNT	1499.496
4674	8995	Zaca	1499.35
4682	9007	Soda	1499.255
4688	9021	Arnau	1499.099
4691	9026	El Olme	1499.072
4702	9047	Martín	1498.808
4714	9067	Oscar	1498.609
4716	9070	Forresth	1498.602
4717	9071	Saul	1498.601
4719	9073	Tunas	1498.576
4728	9086	Salben	1498.497
4740	9104	Usagi	1498.305
4746	9113	Raiden	1498.227
4760	9136	Alex	1497.97
4766	9145	Eduardo	1497.908
4767	9148	cly	1497.889
4774	9159	Carlos	1497.691
4779	9169	F2	1497.625
4782	9172	Antokovik	1497.602
4787	9180	Sakro	1497.504
4790	9183	Ax	1497.488
4793	9189	Chuplimo	1497.416
4794	9192	Nabero	1497.391
4804	9208	Rojo	1497.264
4816	9226	Holy	1497.108
4823	9241	Ender	1496.941
4826	9245	DAVID	1496.911
4843	9271	Tony	1496.58
4849	9281	dani	1496.455
4850	9282	HeiseM	1496.454
4852	9286	Esteban	1496.39
4857	9295	Omar	1496.293
4864	9307	jozema	1496.137
4867	9311	HWarrior	1496.073
4868	9312	Manuel	1496.062
4877	9327	Sito	1495.927
4883	9334	Fedo	1495.862
4885	9336	Sami	1495.836
4889	9345	Rick	1495.718
4892	9350	PuroChantaje	1495.682
4898	9361	GDE Ash jr.	1495.553
4899	9363	Mark	1495.523
4901	9365	Albert	1495.502
4912	9386	Isotopillo	1495.298
4919	9394	 Nito	1495.21
4926	9406	Jesus	1495.114
4927	9407	Cicamon	1495.113
4928	9408	Mari	1495.112
4933	9414	Pichi	1495.039
4942	9430	Tom	1494.785
4958	9477	Ápplejack	1494.235
4965	9493	Jean	1494.042
4968	9496	David	1494.018
4974	9509	Beta	1493.811
4975	9510	LugiaKas	1493.807
4977	9513	Ashfred	1493.783
4989	9533	Oscar	1493.557
4990	9535	CATALYST	1493.55
4994	9540	Piro	1493.498
4995	9541	Sergi 	1493.478
4999	9548	Román	1493.296
5000	9549	Manu	1493.285
5005	9563	Hansk	1493.108
5008	9570	Will	1493.004
5014	9577	Lolontxas	1492.93
5028	9601	M.Á	1492.698
5032	9609	Peñu	1492.61
5033	9612	Mike	1492.563
5039	9622	Carlo	1492.463
5041	9627	Cheren	1492.405
5060	9655	Juan	1492.082
5061	9656	Roman	1492.076
5067	9663	Haxo	1491.989
5080	9694	Vicente™	1491.652
5088	9705	Fran	1491.554
5091	9712	Twilight	1491.453
5092	9713	Pepemi	1491.447
5100	9731	Edalmi	1491.17
5101	9734	Olivia	1491.131
5107	9747	Andoresu	1490.982
5111	9752	Elebi	1490.934
5115	9760	iker	1490.816
5124	9777	Jose	1490.667
5128	9786	Melynx	1490.533
5146	9823	Nicolás	1490.216
5148	9829	Asumi	1490.163
5153	9840	Oscar	1490.088
5154	9844	Neko	1490.075
5157	9851	Dist	1490.007
5164	9863	Kone	1489.893
5181	9892	HomeDelMall	1489.612
5192	9905	Javier	1489.529
5207	9929	Marians	1489.351
5215	9942	Jairolas	1489.241
5222	9952	zed	1489.168
5227	9964	Jesús	1489.099
5246	9997	Ash	1488.779
5248	9999	Krayt	1488.751
5255	10008	Ivan	1488.695
5260	10013	TurboDv	1488.679
5268	10025	Andreu.RR	1488.595
5272	10031	Villegas	1488.563
5274	10038	Pablo	1488.533
5283	10056	BliNd	1488.395
5288	10067	OzDrake	1488.308
5290	10069	Gabrais	1488.294
5294	10076	Cristian	1488.255
5298	10086	Jesuscaig	1488.206
5301	10093	Ma ♥ Jo	1488.124
5309	10106	Morr	1488.053
5327	10133	Ranma	1487.842
5331	10145	Rodrigo	1487.776
5333	10148	Diego	1487.752
5355	10185	RiKu	1487.536
5367	10206	vdoochld	1487.424
5368	10208	Crull	1487.419
5377	10225	Juan	1487.326
5380	10231	ThunderZeus	1487.282
5381	10234	Marcos	1487.27
5383	10236	widersedi	1487.258
5388	10246	Harvy	1487.207
5389	10247	Esequiel	1487.178
5400	10262	Luis	1487.091
5406	10276	Dracoo25	1487.019
5411	10290	Rayo22	1486.943
5415	10293	Astaroth	1486.922
5416	10295	Ivo	1486.916
5418	10297	Phantom	1486.912
5435	10325	Cristóbal	1486.788
5447	10345	Neo	1486.693
5460	10365	Kenyu	1486.55
5471	10383	MAngel	1486.45
5478	10392	David	1486.423
5487	10406	Alesin47	1486.305
5493	10415	Paco	1486.279
5496	10421	Tanith	1486.253
5497	10429	sasa	1486.214
5499	10433	akro	1486.173
5501	10435	Nariw	1486.158
5514	10460	Adri	1486.0
5516	10464	Yurikany	1485.991
5518	10466	Galvan	1485.982
5524	10478	HarkyESP	1485.917
5528	10486	ParisMc	1485.891
5538	10508	jesuis	1485.769
5543	10518	Yam	1485.743
5551	10534	Benja	1485.653
5554	10543	Terry	1485.607
5560	10552	Nico	1485.544
5561	10553	Matt	1485.543
5574	10575	Dany	1485.399
5577	10579	WWCelta	1485.369
5584	10596	Carlos	1485.273
5595	10609	Emi	1485.212
5604	10625	Yuanyo	1485.138
5613	10639	Renan VIII	1485.07
5618	10649	Hache	1485.029
5626	10658	qqqq	1484.981
5632	10672	Ankokukenshi	1484.904
5657	10717	Baruc	1484.657
5671	10751	Fujired	1484.506
5672	10752	Fabri	1484.472
5675	10756	!Hijo!	1484.445
5677	10758	Halfliper	1484.442
5681	10765	JoyBoy	1484.41
5684	10771	Oscarin	1484.377
5687	10774	Eibrahán	1484.363
5721	10828	Eyi	1484.122
5727	10851	Miguel	1484.016
5729	10856	Luis Gil	1483.994
5740	10877	Mario	1483.821
5746	10884	Janna	1483.773
5749	10891	Jaime	1483.729
5750	10892	Kimmer	1483.728
5752	10894	Yam1590	1483.717
5753	10896	Pıþěłłå 	1483.711
5759	10914	Hiey	1483.66
5765	10924	Luis	1483.632
5770	10931	Luis Ketch	1483.584
5771	10935	Jose	1483.568
5775	10939	Aks09	1483.538
5779	10946	Hotaru	1483.504
5783	10952	Tetsu	1483.472
5793	10969	Aguss_Deluxe	1483.365
5794	10970	UnBanLobitos	1483.354
5801	10980	MeraKy	1483.316
5803	10984	Adán	1483.288
5814	10999	Adri	1483.207
5819	11010	Ignacio	1483.121
5823	11021	Nacho	1483.062
5830	11029	Álex	1483.01
5833	11034	Leonardo	1482.974
5841	11045	Maria	1482.899
5847	11055	Borja	1482.842
5848	11057	Bach	1482.823
5858	11072	JRV	1482.746
5866	11081	Iván	1482.733
5867	11082	Ricardo	1482.727
5871	11090	Alex	1482.67
5879	11105	Sebas	1482.561
5881	11108	Marluxia	1482.542
5882	11110	Brais	1482.525
5886	11118	Szadek	1482.504
5887	11119	Raúl	1482.5
5912	11166	Yosel	1482.075
5918	11177	Faust	1481.974
5926	11192	Achialex	1481.739
5928	11196	Alucar	1481.711
5957	11243	Otoshi	1481.405
5959	11250	Vii	1481.349
5966	11257	Ramón	1481.311
5986	11292	Antonio	1481.002
5988	11294	Javier	1480.992
5990	11297	NanDitto	1480.952
6002	11319	Raúl.e.m	1480.768
6007	11328	Craum	1480.664
6008	11329	Matyas	1480.655
6009	11330	Rico	1480.64
6013	11335	Powryd3r	1480.577
6025	11361	IL Capo VII	1480.255
6028	11364	Cnior John	1480.228
6039	11382	Ish	1480.069
6044	11397	Arstalll	1479.974
6047	11402	Mate	1479.955
6052	11410	Beto	1479.877
6066	11433	Andrés	1479.675
6068	11441	Martin	1479.62
6072	11447	Indigo	1479.563
6079	11457	Swreyy	1479.397
6085	11472	Road	1479.295
6091	11481	Eriking	1479.237
6093	11483	Limitless	1479.21
6112	11527	Diego	1478.721
6119	11543	cex31zgz	1478.611
6122	11548	Hyperlady	1478.583
6123	11550	PoKeToNo♪	1478.549
6134	11573	Josh	1478.365
6141	11589	DUKE	1478.206
6146	11603	Hugo	1477.961
6147	11604	Zeref1305	1477.957
6148	11607	Lorwin	1477.939
6150	11612	Capoxo	1477.881
6176	11653	Pablo	1477.335
6188	11676	Sora	1477.056
6189	11677	Kris	1477.039
6206	11704	Luna	1476.762
6211	11711	Darckan	1476.714
6214	11714	Mako	1476.705
6215	11715	Jay	1476.703
6223	11729	Diequi26	1476.574
6225	11731	Wilson	1476.532
6237	11751	Volkmar	1476.336
6243	11759	Diego	1476.267
6255	11774	Israel	1476.125
6264	11792	Eduardo	1475.946
6267	11795	Silvia	1475.92
6273	11804	Fran	1475.757
6274	11806	Whisteron	1475.752
6283	11822	Kwua	1475.603
6284	11824	Alex	1475.595
6295	11843	Tony	1475.367
6296	11844	Coré	1475.343
6298	11848	Mati.SM	1475.283
6301	11851	Pipin	1475.27
6303	11853	Jesus4V	1475.254
6304	11854	Makima	1475.251
6313	11867	Juan	1475.118
6315	11871	galbo	1475.054
6320	11880	Fabián	1474.934
6330	11901	josseCC	1474.67
6332	11906	Fabián	1474.619
6336	11913	Sefer	1474.555
6341	11919	LittleRose	1474.528
6342	11921	Marmaduke	1474.52
6346	11927	Rayan	1474.486
6348	11929	Marina	1474.432
6354	11943	Allan7u7	1474.31
6374	11985	Arturo	1473.904
6403	12034	Tworrasco	1473.415
6404	12036	Miguel	1473.387
6426	12075	Jonh	1473.042
6428	12081	David Snow	1472.999
6441	12105	Markel	1472.824
6445	12109	Antón	1472.782
6446	12110	Jota	1472.78
6472	12149	Isma	1472.418
6475	12153	Carba	1472.389
6479	12157	Yair	1472.347
6480	12160	Rauz	1472.32
6484	12166	Toni	1472.252
6487	12171	Jynn	1472.223
6488	12173	Aarón	1472.201
6489	12175	zhakuma	1472.191
6490	12176	Howard	1472.183
6493	12179	Álvaro	1472.149
6497	12184	Anderah7	1472.086
6501	12190	Alex	1472.043
6505	12200	Juan	1472.002
6509	12206	Héctor	1471.972
6510	12207	LLamas	1471.961
6525	12233	Royal	1471.788
6527	12236	Tomasini	1471.749
6529	12241	Chronos	1471.714
6531	12244	Digne	1471.71
6544	12259	Josh	1471.675
6546	12263	MaestroBravo	1471.663
6551	12270	Telepape	1471.592
6553	12274	Albert	1471.582
6556	12279	Hiro	1471.559
6559	12284	Rabr	1471.504
6561	12286	Víctor	1471.503
6571	12300	Joshua	1471.415
6576	12309	GKW	1471.35
6593	12342	Tazawa	1471.151
6596	12347	Capitán	1471.143
6597	12349	Biogolo	1471.142
6611	12369	Sigfrid	1471.0
6616	12378	Smiling	1470.937
6623	12388	Hugo	1470.852
6625	12390	Cabesa	1470.81
6626	12391	Lex	1470.808
6629	12395	Figuee	1470.791
6638	12409	Flamedante	1470.691
6648	12421	Salvateo	1470.586
6657	12434	Pablo	1470.503
6669	12455	Sana	1470.409
6687	12483	Pepe	1470.171
6694	12495	Jonh	1470.084
6699	12505	Byron	1470.036
6707	12520	Frutanito	1469.929
6712	12527	IntiChuri	1469.884
6719	12537	PAULINA	1469.796
6722	12541	Adilu	1469.765
6729	12549	Hollow	1469.694
6732	12552	Gelda	1469.644
6736	12561	Feroces	1469.597
6743	12576	ThayVGC	1469.494
6747	12584	AngelinWIN	1469.453
6751	12591	Tony	1469.392
6752	12593	Zero	1469.384
6759	12605	Lex	1469.287
6770	12625	Zukarita	1469.107
6776	12635	Luis Carlos	1469.031
6780	12640	DarkSword	1469.004
6783	12644	Sonica♥	1468.983
6795	12661	Mr.Ambroa	1468.876
6803	12671	alan	1468.786
6815	12698	José Daniel	1468.61
6818	12702	Froz	1468.599
6821	12708	nivax	1468.569
6827	12716	Auve	1468.518
6833	12729	Ale	1468.404
6835	12735	Rodrigo	1468.355
6839	12739	Loopy	1468.298
6845	12750	Agape	1468.208
6859	12775	Oscar	1468.024
6861	12777	Luckı	1468.0
6864	12782	Dany	1467.965
6886	12816	FRAUDE	1467.641
6888	12821	DaniWutang	1467.592
6891	12824	Dopa	1467.536
6898	12839	Wallfred	1467.421
6905	12847	Miguel	1467.361
6916	12866	Abraham	1467.212
6919	12870	Felipe	1467.194
6924	12878	DeLaMora	1467.05
6926	12885	Estebandido	1466.969
6931	12891	Daniel	1466.902
6937	12901	Arkraf	1466.823
6944	12913	Juanma	1466.698
6949	12921	Charles	1466.59
6950	12922	Pedro	1466.57
6967	12944	BRAYAN.	1466.352
6973	12957	Lu	1466.206
6977	12966	DrMondongo	1466.095
6981	12971	Ades	1466.0
6987	12989	Luis	1465.831
6990	12994	Pepa Mostaza	1465.784
6991	12995	Osmani	1465.757
6999	13006	Hajime	1465.68
7000	13008	Chris	1465.627
7015	13026	Rasashua	1465.361
7019	13033	Gabo	1465.313
7022	13039	Walrusc	1465.283
7039	13073	Ayumi	1464.928
7055	13102	K4ine	1464.56
7056	13103	El poeta	1464.548
7061	13112	Cesar	1464.436
7062	13113	Antuan	1464.402
7075	13130	HERALEX	1464.243
7084	13143	Anto	1464.089
7085	13146	XIzoraXI	1464.06
7108	13179	kei	1463.702
7110	13182	Antonio	1463.685
7116	13189	Zeny675	1463.602
7126	13207	Lluis Sete	1463.261
7128	13211	Harry22	1463.239
7139	13234	MatJunkai	1462.981
7144	13246	Zascandil	1462.731
7155	13261	Gus	1462.532
7165	13274	Philippe	1462.389
7172	13282	Rastreck	1462.294
7173	13283	David	1462.293
7174	13287	Gonzalo	1462.222
7196	13328	Lisístrata	1461.8
7197	13329	Rubén	1461.768
7200	13333	Maxi	1461.73
7203	13338	ElTorreta	1461.711
7209	13350	ALBION	1461.567
7221	13367	Mitrey	1461.355
7223	13370	Marc	1461.312
7227	13378	Álex	1461.224
7241	13406	RockeChamuko	1460.968
7252	13430	Ferlo	1460.716
7253	13432	Trueno	1460.701
7257	13436	Losaro	1460.635
7262	13446	PK~Adulf	1460.507
7272	13469	rodri	1460.262
7296	13504	Memo	1459.949
7306	13520	Seto	1459.81
7312	13528	Maya	1459.756
7313	13528	macarrones	1459.756
7314	13531	Chris	1459.731
7318	13535	TreckZoro	1459.67
7327	13551	Sánchez	1459.543
7333	13562	Lego	1459.479
7337	13567	DracoHeart	1459.426
7340	13573	Moka	1459.381
7345	13581	Joselo	1459.347
7347	13585	onecarlost	1459.326
7354	13595	David	1459.264
7357	13600	Kirby22	1459.24
7359	13602	KawLur	1459.219
7364	13614	Orphen	1459.111
7366	13617	Frankiol	1459.067
7369	13620	Ivan	1459.045
7372	13627	Marcko	1459.008
7378	13636	Mateo	1458.977
7381	13639	Age	1458.949
7383	13641	juan	1458.944
7387	13647	Vacti	1458.878
7396	13659	Jose Pablo	1458.8
7408	13684	Edanii	1458.667
7410	13687	Dioni	1458.659
7413	13691	Martin	1458.645
7425	13722	Alex	1458.443
7438	13742	litledan	1458.336
7440	13745	Megu	1458.328
7445	13752	Javier	1458.301
7452	13764	Sceptyle	1458.248
7459	13777	Glezmo	1458.188
7463	13781	YOEDAN	1458.181
7466	13785	Cabal	1458.168
7474	13797	IaaN	1458.106
7492	13827	Ángel	1457.94
7499	13838	alexX	1457.894
7511	13859	Markys10	1457.768
7521	13879	Adrian	1457.671
7530	13895	Geralt	1457.58
7546	13920	Javier	1457.451
7548	13925	Jonny	1457.427
7568	13956	MS~Sho	1457.263
7570	13959	Magnus	1457.253
7577	13969	Roronoa Zoro	1457.185
7579	13971	Chris	1457.182
7587	13984	Tsuki	1457.114
7593	13991	Luis	1457.08
7596	13997	ELFEGON	1457.063
7600	14002	Michiru	1457.046
7603	14009	Mary	1457.02
7615	14031	Kerartas	1456.912
7623	14040	Nick	1456.869
7660	14102	Gassi	1456.64
7670	14118	Chest	1456.572
7684	14142	Aerog	1456.474
7686	14149	khalil	1456.463
7688	14151	Nayib	1456.443
7690	14153	Javi	1456.424
7691	14156	Franco	1456.42
7705	14185	Gab	1456.312
7713	14199	JFrank07	1456.267
7727	14223	Afestradam	1456.17
7743	14249	Coco	1456.064
7750	14265	Sea	1456.004
7771	14294	Rubaak	1455.889
7776	14300	isubka	1455.867
7780	14305	ICE CUBE	1455.858
7783	14310	Hector	1455.838
7788	14319	Sakura	1455.805
7791	14325	Blake	1455.797
7812	14359	Luis	1455.625
7819	14370	Kikimaster	1455.591
7827	14386	Miguel	1455.532
7835	14397	Diego	1455.502
7838	14405	Joynert	1455.47
7848	14421	Fran	1455.419
7859	14441	Miguel	1455.344
7884	14475	medina	1455.197
7887	14482	Áeror	1455.165
7900	14507	Lars	1455.094
7930	14564	LostOblitus	1454.897
7931	14570	zohann	1454.882
7932	14571	Piluka	1454.879
7934	14575	Andres	1454.864
7937	14581	Aleodyr	1454.853
7938	14582	Migue	1454.848
7948	14600	Noah	1454.75
7949	14601	Broxburn	1454.748
7967	14629	Sandra	1454.67
7969	14632	Adri	1454.663
7974	14643	MACHO	1454.626
7975	14649	JESUS	1454.608
7978	14651	Abby	1454.605
7993	14680	Karla	1454.511
8002	14695	Mario	1454.483
8009	14704	MikeyMMA	1454.448
8017	14722	Xabier	1454.39
8019	14727	Poitges	1454.378
8022	14730	Jey Stark	1454.369
8030	14740	Mich	1454.331
8051	14774	Ramiro	1454.214
8056	14780	ERCELA96	1454.196
8077	14819	Allies	1454.056
8078	14820	rayista	1454.053
8085	14832	Sinnosuke	1454.018
8096	14854	Saiid	1453.939
8102	14861	dieGo	1453.913
8112	14874	Jevyan	1453.876
8117	14882	ache	1453.854
8138	14917	Yeray	1453.747
8167	14964	Rosy	1453.574
8169	14967	Aural	1453.566
8179	14991	Lolbit	1453.493
8187	15002	Isma	1453.439
8190	15007	xurky	1453.419
8201	15023	Cdzzz-	1453.381
8204	15029	Alexon	1453.356
8211	15048	Ápside	1453.303
8213	15050	Lperkal	1453.297
8226	15074	Artu	1453.208
8233	15087	Philip	1453.184
8255	15118	Mario	1453.046
8256	15119	Kiqe	1453.043
8263	15132	Rubén	1453.001
8270	15141	Dego	1452.95
8294	15186	Rodrigo	1452.795
8302	15204	YOEDAN	1452.75
8305	15208	Eryn	1452.741
8310	15214	Alan M	1452.734
8327	15242	Bryan	1452.627
8343	15265	oskar	1452.503
8353	15282	Cheis	1452.43
8361	15294	Pablix	1452.385
8366	15307	Gallardo	1452.338
8379	15327	Henry	1452.246
8383	15332	Zefhyr	1452.223
8389	15341	Luis	1452.188
8395	15348	CamCam	1452.157
8396	15351	Jonatán	1452.148
8400	15357	NESS	1452.135
8410	15371	Anabel	1452.062
8411	15374	x3z3	1452.047
8414	15377	MikeTerXD	1452.03
8431	15409	Sergio	1451.867
8436	15416	AngelMoon3	1451.792
8447	15435	Andrés	1451.605
8452	15442	Patto	1451.588
8453	15443	Tasshy	1451.585
8465	15467	GaboPaz	1451.474
8468	15473	Jlee	1451.442
8469	15475	Pow	1451.439
8482	15496	Nacho	1451.289
8500	15533	Sir Baby	1451.108
8505	15541	Lucianna	1451.033
8509	15548	Kuro	1451.002
8526	15569	ZoyXino	1450.881
8527	15573	Jude	1450.865
8528	15574	Rick	1450.862
8530	15579	Micky	1450.822
8532	15582	david	1450.789
8535	15588	Dani	1450.767
8536	15589	BALTASUPREMO	1450.753
8541	15596	Ismael	1450.702
8544	15600	PxDire	1450.663
8548	15610	Adrián	1450.585
8553	15619	POKEXER	1450.55
8554	15620	Drakengor	1450.541
8562	15637	sebas	1450.358
8566	15644	Ungordo	1450.325
8570	15648	Axel	1450.295
8573	15653	Jesús	1450.255
8576	15660	Senzah	1450.176
8578	15662	Juanjo	1450.137
8583	15667	Pedro Caso	1450.104
8589	15674	Alira	1450.058
8590	15676	JADE	1450.045
8600	15692	Crack	1449.848
8606	15699	K-ZolDycK	1449.782
8609	15703	Stefano	1449.763
8616	15710	Radek	1449.687
8629	15737	Juanse	1449.41
8641	15756	Álvaro	1449.244
8642	15757	Sturby	1449.241
8682	15809	Kara	1448.683
8688	15817	Lucas	1448.622
8691	15822	Tom	1448.568
8695	15828	Daniel	1448.534
8698	15832	Goro	1448.504
8702	15837	Dantesorcos	1448.47
8705	15841	Thaoss	1448.385
8719	15859	Christian	1448.23
8723	15867	Mikko	1448.196
8725	15870	BL	1448.154
8733	15884	Juan	1448.019
8743	15901	AZDELKER	1447.843
8744	15902	Libro	1447.841
8746	15905	J.Pedro	1447.812
8748	15909	RichardGames	1447.761
8750	15911	Shiori	1447.73
8752	15917	Mawe	1447.656
8754	15921	Magnus	1447.647
8756	15923	Antor72	1447.614
8771	15946	Raúl	1447.331
8772	15947	Deifthcox	1447.309
8774	15949	Juan	1447.304
8776	15951	Abel	1447.264
8779	15959	Carl	1447.158
8784	15966	IUwUI	1447.074
8791	15979	Cresvi	1446.858
8800	15994	Marea	1446.753
8811	16013	Ocan	1446.57
8814	16018	Rubi	1446.483
8819	16024	Lizardon	1446.434
8854	16071	KrAwX	1445.736
8855	16072	Kíke	1445.734
8856	16074	Gian Pierre	1445.717
8862	16080	Camilo	1445.66
8864	16084	Andrea	1445.59
8867	16089	CochoLX	1445.553
8877	16106	Rey-_*	1445.349
8897	16139	Charvyre	1444.888
8899	16141	ChewbyScar	1444.868
8903	16150	TheShy	1444.723
8915	16166	Fombu	1444.591
8918	16169	BLCKQuartz	1444.556
8924	16177	Pasa	1444.496
8934	16194	Gabriel	1444.224
8936	16196	Kuko	1444.195
8938	16201	Edrian	1444.131
8943	16206	Manolo	1444.065
8945	16212	Alexander	1443.987
8948	16217	Tony	1443.948
8954	16226	Diana♥	1443.843
8976	16253	Aoi	1443.456
8986	16265	KrisxHD	1443.302
8994	16277	Dani	1443.209
8995	16278	Allendens	1443.201
9000	16286	Daniel	1443.143
9014	16308	copi	1442.98
9016	16310	Alhï	1442.97
9033	16342	Florian	1442.688
9035	16347	David	1442.651
9039	16351	Kikokage	1442.636
9044	16360	Eric	1442.579
9045	16361	Sebas	1442.571
9050	16370	Ruorgo	1442.503
9052	16372	Nes	1442.47
9055	16375	Gear	1442.454
9066	16395	iran	1442.293
9067	16398	Rafa	1442.281
9068	16402	Anubis	1442.252
9069	16403	Free Style	1442.247
9072	16409	Shiryu	1442.187
9077	16415	Omarcio	1442.132
9082	16421	Ramses	1442.055
9085	16424	Sergio	1442.014
9086	16425	Luis	1442.0
9092	16436	xMrSouldx	1441.916
9094	16439	Codicia	1441.888
9107	16460	Cristóbal	1441.666
9115	16479	uwu	1441.542
9133	16501	Gerard9	1441.326
9167	16559	David	1440.838
9168	16561	Sergio	1440.826
9174	16569	Carlos	1440.783
9175	16572	Tuwantu	1440.761
9183	16581	Bake	1440.695
9185	16583	Gaby	1440.686
9195	16605	Ruben	1440.54
9196	16606	Mendo	1440.531
9200	16610	Varutito	1440.502
9201	16611	Kunfu	1440.475
9206	16616	Alex	1440.443
9209	16619	Nether	1440.425
9233	16648	Jesus	1440.161
9234	16650	Lizzer	1440.149
9239	16656	José	1440.118
9241	16660	Juanma	1440.077
9248	16669	Ramxat	1439.973
9249	16670	Psicodelicia	1439.942
9251	16675	TaTa	1439.905
9264	16693	Josemi	1439.752
9271	16703	jhonny	1439.69
9280	16718	Alex 	1439.554
9288	16731	Igor Z.	1439.441
9292	16737	SHINICHI	1439.419
9294	16742	Pablo	1439.404
9305	16755	Christian	1439.283
9307	16758	AkaVale	1439.273
9310	16763	Pepe	1439.252
9316	16771	Isara	1439.207
9321	16780	Miguel Ángel	1439.151
9332	16795	FELIPE SSJ	1439.06
9333	16796	Luigi	1439.059
9334	16797	Elayas	1439.056
9335	16798	Powi	1439.051
9338	16801	CrisG	1439.036
9357	16830	martinlujan	1438.75
9358	16831	Razor7w	1438.73
9360	16833	SaúlC_89	1438.704
9365	16845	Icaro	1438.567
9377	16863	joaquin	1438.418
9380	16870	Vamp	1438.345
9386	16877	Grium	1438.269
9388	16879	Niko	1438.248
9392	16883	Jordi	1438.226
9398	16894	Violet	1438.166
9416	16930	Nerlu	1437.818
9418	16934	Daniel	1437.79
9438	16969	lia	1437.436
9443	16979	Gabriel	1437.294
9446	16984	Peles	1437.248
9458	17000	JowelXYZ	1437.071
9464	17007	Kevin	1436.97
9476	17028	Cristopher	1436.805
9483	17036	Felipe	1436.726
9492	17050	Hecatia	1436.638
9493	17052	Káiser	1436.621
9497	17061	David	1436.513
9502	17071	Roberto	1436.398
9507	17079	Carlos	1436.322
9508	17080	Juan David	1436.283
9510	17082	alonsw	1436.257
9533	17118	King	1435.852
9542	17128	Felipe	1435.766
9544	17130	Alister	1435.741
9554	17151	Edgar	1435.333
9567	17176	Charlie	1434.991
9573	17183	Mellhy	1434.874
9578	17191	P	1434.829
9595	17221	Ricardo	1434.423
9596	17224	DarkTyrano	1434.34
9598	17226	trazas	1434.334
9604	17234	Kxrma	1434.249
9606	17236	Jorge	1434.195
9612	17245	Roxaslord	1434.075
9616	17253	Yermo	1434.004
9625	17264	Curro	1433.845
9642	17293	Bermeaz	1433.387
9647	17299	Greed_Esc	1433.325
9659	17320	Danny	1432.926
9664	17325	Juanmy13	1432.901
9665	17326	Álvaro	1432.884
9680	17345	PEDRITO	1432.58
9690	17361	Vigo	1432.196
9692	17364	Paco	1432.156
9693	17365	Alex	1432.155
9695	17368	Noah	1432.117
9705	17381	Jaiver	1431.934
9707	17383	EEMOMZ	1431.908
9716	17397	Nelly	1431.61
9721	17405	Toni	1431.523
9722	17406	Vrolok	1431.493
9732	17421	Jaime	1431.261
9734	17425	Rubistóteles	1431.061
9740	17432	Barri	1430.931
9744	17436	Leo	1430.899
9745	17438	Forest	1430.883
9751	17445	Monte	1430.785
9757	17452	Fran	1430.623
9764	17460	Andrés	1430.503
9766	17463	nino	1430.443
9785	17496	TheBaiel	1429.907
9787	17500	Rodrigo	1429.827
9789	17503	David	1429.813
9800	17517	Dante	1429.6
9813	17541	ivancing29	1429.294
9814	17542	Cris	1429.283
9819	17549	Darius	1429.075
9834	17570	ωεяο	1428.77
9840	17578	Saga	1428.714
9842	17580	Jack Patata	1428.673
9850	17593	Pedeido	1428.562
9851	17594	mitonudo	1428.537
9853	17598	Adri	1428.497
9861	17609	Byron	1428.254
9864	17613	Aresukun	1428.232
9869	17619	OZIEL	1428.116
9883	17637	sebas	1427.807
9888	17644	Diego	1427.748
9890	17649	labiete	1427.703
9898	17658	Pipo	1427.594
9900	17662	Alberto	1427.551
9903	17665	Silver	1427.508
9918	17689	Angel	1427.223
9922	17693	Sahe	1427.182
9927	17699	Erofly	1427.107
9928	17701	Daniel	1427.092
9930	17704	Uriel	1426.998
9931	17705	Mini	1426.968
9932	17707	Mocrete88	1426.962
9949	17731	 Xorra	1426.593
9954	17737	Rais	1426.489
9961	17745	Nicolas	1426.373
9963	17747	Apolobill	1426.344
9975	17763	Guille	1426.064
9981	17770	Man	1425.989
9996	17790	Hanjo	1425.69
9998	17792	Nery	1425.669
10000	17795	Javier	1425.638
10009	17809	Sego	1425.511
10011	17813	Xeancar	1425.467
10012	17815	Alan	1425.463
10022	17828	Alfa	1425.273
10028	17835	Carlos	1425.181
10032	17840	Kim	1425.088
10039	17852	Seba	1424.942
10049	17867	Rioku	1424.707
10051	17869	kevin	1424.594
10055	17874	JAJ	1424.468
10063	17888	Jonathan	1424.308
10074	17903	Ameico	1424.048
10082	17915	Galdy	1423.892
10083	17917	Luca	1423.854
10087	17921	leandro	1423.826
10105	17949	Marc MF Oak	1423.337
10109	17953	Yonson	1423.313
10113	17959	Maicol	1423.226
10118	17964	TRIANERO	1423.161
10123	17971	Samuel	1422.997
10126	17974	Peperro	1422.928
10127	17975	Atlate	1422.925
10128	17976	David	1422.916
10133	17982	NOEL	1422.833
10142	17999	Aegon I	1422.601
10145	18003	Bruno	1422.541
10151	18013	Lucark	1422.323
10154	18019	Frash	1422.243
10167	18042	Alex	1421.815
10169	18046	Edu	1421.724
10174	18052	Shun-ry	1421.642
10185	18072	Crisxedge	1421.194
10186	18073	PickleMatt	1421.19
10201	18090	Sr. Lopi	1420.923
10202	18091	Victor	1420.919
10203	18093	Ernesto	1420.907
10207	18101	Angel	1420.748
10208	18102	Kibu	1420.741
10212	18106	Antonio	1420.699
10216	18113	Roelvis	1420.556
10218	18116	Josh	1420.452
10227	18132	Dracnelgames	1420.133
10236	18143	Victor	1419.906
10239	18146	Cape	1419.801
10242	18149	Mikel	1419.778
10246	18156	Pablo	1419.638
10252	18162	Ives 	1419.504
10253	18163	dany	1419.502
10255	18165	rango	1419.367
10264	18178	Chombo	1419.196
10266	18182	Pepe	1419.144
10273	18190	Pepiliam	1419.048
10274	18192	Ismaelyto	1419.037
10281	18201	Taiden	1418.79
10282	18203	8a	1418.749
10283	18206	Ismael	1418.684
10288	18210	Nico	1418.607
10290	18213	Lily	1418.586
10294	18217	Herje	1418.532
10298	18223	Luna	1418.317
10302	18228	Bauty	1418.227
10303	18229	Cristian	1418.222
10318	18253	3n3ru	1417.785
10319	18254	LeonSan	1417.761
10328	18272	Satoshi	1417.229
10329	18275	Giaco	1417.161
10331	18282	Nacho	1416.981
10334	18286	Pako	1416.859
10349	18311	Bjorn95	1416.368
10355	18321	Between	1416.215
10362	18332	ESTEBAN	1415.935
10365	18336	Jluis	1415.876
10369	18341	Ajente	1415.685
10372	18345	Jorge	1415.607
10373	18346	Darkgames 	1415.602
10375	18348	crumi	1415.578
10376	18349	PinkyWinky	1415.57
10378	18351	Aldo 	1415.5
10380	18354	Chocolove	1415.458
10381	18355	Exoticaa03	1415.454
10382	18356	Kazu	1415.427
10385	18362	ReyOscuro	1415.337
10387	18365	Lurzuk	1415.249
10389	18368	Momo	1415.184
10395	18376	Keiro	1415.045
10401	18383	BookerGC	1414.869
10407	18401	Kurapika	1414.461
10408	18402	Ragnar	1414.426
10409	18404	richi	1414.407
10413	18410	Emilia	1414.33
10445	18458	Juanes	1413.514
10451	18465	STEVEN	1413.355
10453	18469	Zaphy	1413.279
10461	18479	Bouler	1413.18
10464	18485	Mankor	1413.107
10465	18486	Iciest Ice	1413.088
10466	18488	diego	1413.074
10467	18489	Morti	1413.036
10468	18490	MARC	1413.024
10475	18498	Álvaro	1412.908
10476	18499	Aberra	1412.903
10480	18504	Vicente	1412.785
10483	18507	Diablo soso	1412.727
10485	18509	Casco	1412.704
10487	18514	Bartcr	1412.571
10492	18523	Nieto	1412.261
10496	18530	zoleck	1412.043
10502	18537	Knifee	1411.883
10507	18542	EteXene	1411.821
10514	18555	Eolt	1411.617
10515	18558	ifrit69	1411.593
10521	18568	Daguito	1411.48
10529	18578	Aarón	1411.312
10531	18580	Juan	1411.275
10537	18587	Makoka	1411.164
10544	18594	Neko-san	1410.743
10548	18600	Stefano	1410.581
10554	18611	MaZoldyck	1410.275
10555	18612	parchada	1410.272
10560	18619	Danny	1410.181
10568	18633	Paul	1409.793
10570	18635	rompeqkas	1409.732
10572	18638	Dani	1409.643
10577	18645	Diegox	1409.544
10578	18646	Rulas2390	1409.523
10587	18656	Vane	1409.296
10590	18659	Javier	1409.219
10618	18704	El tupu	1407.926
10619	18706	PJ	1407.908
10623	18714	juan	1407.663
10633	18728	Foras	1407.371
10639	18734	Leo	1407.246
10653	18753	Darez	1406.687
10655	18756	Tusa	1406.631
10656	18758	Tors	1406.619
10668	18773	Centels	1405.942
10675	18790	jesus	1405.329
10677	18792	jojo	1405.187
10678	18793	Adri	1405.154
10680	18795	Cuba	1405.027
10684	18802	Felipe	1404.767
10695	18817	Hana	1404.466
10705	18830	Javier	1403.971
10709	18834	Santelices	1403.741
10713	18839	Kiba	1403.611
10724	18855	Renzo	1403.022
10728	18862	Jc	1402.876
10737	18881	Gonzalo	1402.425
10743	18890	SEBAS	1402.27
10745	18893	christopher	1402.214
10747	18895	José Manuel	1402.145
10766	18919	Gasty	1401.452
10768	18921	Red	1401.393
10770	18925	pelaná	1401.299
10772	18927	mario dlr	1401.216
10775	18930	Armando	1401.141
10777	18934	Isaac	1401.044
10781	18944	Viik R77	1400.73
10784	18948	Itachi	1400.622
10786	18951	Pato	1400.533
10790	18956	Daniel	1400.114
10798	18966	Oskitar	1399.854
10800	18968	Carla	1399.849
10802	18972	Raretp	1399.715
10808	18985	Jaime	1399.452
10809	18989	Bass	1399.381
10814	18995	DaSeArTe	1399.21
10816	18997	ØceanMân	1399.177
10818	19000	Aide Limón	1398.946
10820	19003	Xalo17	1398.825
10827	19020	Don-Craker	1398.171
10831	19025	serena	1398.086
10846	19047	AxlJM	1397.364
10859	19066	Dov 	1396.659
10865	19078	Derek	1396.147
10866	19080	Jose	1396.13
10868	19083	Aigashu	1395.88
10869	19084	Tico	1395.759
10870	19085	negrð	1395.715
10871	19088	Black	1395.569
10879	19102	Raskolin	1395.071
10880	19105	Ich	1395.037
10885	19112	Miguelma96	1394.921
10898	19128	Jzam	1394.219
10899	19129	Crash	1394.214
10901	19132	Pokedrew	1394.156
10903	19134	Astra	1394.128
10923	19158	Deggo	1393.159
10925	19161	Alan	1393.113
10927	19163	Gomi	1393.081
10937	19175	PauS	1392.629
10944	19185	SoldOutDudz	1392.181
10945	19186	DANIEL DAZA	1392.146
10949	19191	Gote	1391.995
10958	19205	Preá	1391.55
10959	19206	Toni	1391.475
10961	19209	Xavitin	1391.321
10965	19218	Fercho	1390.912
10966	19219	tajagami	1390.894
10974	19230	Bri	1390.546
10978	19237	Hiro	1390.363
10983	19244	Arthur	1390.032
10987	19248	Álvaro	1389.847
10990	19253	rams	1389.44
11002	19266	kpi	1388.958
11008	19275	blanco	1388.678
11025	19297	Jesús	1387.776
11035	19316	Mike	1386.851
11036	19317	MANDO	1386.846
11039	19323	Diego	1386.549
11040	19325	JULI	1386.452
11049	19338	Edar	1385.94
11056	19349	AlexKen	1385.458
11061	19354	Judi	1385.115
11063	19356	Stanley	1385.111
11070	19366	Zacoweb	1384.581
11075	19374	Camilo	1384.186
11083	19384	Axel	1383.771
11084	19387	Persono	1383.557
11086	19390	JUAN	1383.518
11094	19401	Emi	1382.987
11098	19409	Angel	1382.676
11110	19431	Fer	1381.244
11125	19448	Gibbets	1380.242
11128	19451	Roh	1380.176
11149	19481	Pablo	1378.161
11152	19484	Joni	1377.989
11158	19492	Pach	1377.479
11160	19497	AlanYkza	1377.248
11165	19502	Dragonal	1376.899
11177	19518	ale	1376.26
11181	19524	Quique	1375.729
11192	19538	SiirM	1375.206
11202	19549	Daniel	1374.443
11206	19554	Iván	1374.049
11207	19556	Hugo	1373.65
11216	19566	Jeremie	1372.919
11217	19568	NimeVCG	1372.902
11222	19576	Bitxo T	1372.529
11225	19580	Igor	1372.362
11230	19586	Rubén	1371.928
11236	19593	CHUSAMON	1371.559
11237	19595	Numa	1371.386
11242	19600	Duvan	1371.177
11247	19606	Rik	1370.579
11248	19607	Diego	1370.511
11257	19619	sukune	1370.101
11262	19626	Andrew	1369.501
11272	19638	AsherDrako	1368.529
11276	19643	MC CHANGO	1367.966
11277	19644	hosi	1367.88
11279	19646	Eddy	1367.765
11287	19658	josetorr	1367.094
11293	19665	Etorlight Pr	1366.709
11297	19671	JellyKid	1366.29
11308	19684	Gabo	1365.557
11313	19689	vidvas	1364.837
11316	19692	Dani	1364.748
11317	19693	Mykei	1364.733
11324	19704	Nefta-SSJ	1363.811
11328	19708	Ricardo	1363.131
11329	19709	LITRA	1363.098
11333	19714	Chimichangas	1362.665
11337	19718	Oss 	1362.205
11346	19731	Quixzo1	1360.999
11347	19732	srCRONNO	1360.966
11360	19746	Pilar	1359.589
11366	19756	LopGar	1358.519
11371	19763	Gabriel	1357.949
11379	19775	Gabros	1357.019
11387	19788	zombie	1355.42
11391	19792	Vero	1355.261
11409	19817	iker	1352.366
11410	19818	Eadl	1352.358
11412	19822	Sebastian	1352.01
11413	19823	Fénix	1351.941
11415	19825	XmaZ	1351.835
11416	19826	fran	1351.646
11418	19829	lan	1351.366
11419	19830	Hristo	1351.239
11425	19837	Eduardo	1349.961
11426	19838	Sara	1349.887
11430	19843	Airi	1349.273
11442	19856	Ubé	1347.709
11452	19872	jesus	1344.918
11461	19884	Diego	1343.171
11462	19886	Barto	1343.144
11481	19911	Marina	1339.796
11483	19913	Miguel	1339.634
11485	19915	SIKA	1339.457
11488	19921	Xavier_rp	1338.209
11490	19923	Tonipj	1337.983
11491	19924	Yisus	1337.818
11494	19929	Santiago	1337.015
11495	19930	Gibran	1336.824
11500	19936	David	1335.262
11506	19944	Kenesis	1334.125
11511	19949	Ivan Mairal	1333.802
11513	19952	Max	1333.625
11518	19958	Berezi	1332.686
11525	19966	Hector Adame	1330.962
11526	19967	Urameshii	1330.777
11531	19974	Marcelo	1330.003
11534	19977	Nakazone	1329.835
11538	19981	Edrey	1329.549
11539	19982	Toni	1329.51
11540	19983	Havibo	1329.428
11548	19993	Mr Micalo	1327.675
11557	20006	jerson	1325.056
11560	20010	catastros	1324.149
11561	20012	dana	1323.368
11577	20030	Alejandro W	1319.426
11578	20031	Fidel	1319.274
11580	20033	roman ACK	1318.765
11594	20051	Enoiz	1312.918
11599	20058	Antonio	1310.8
11604	20063	NicoMöller	1309.895
11605	20064	Alan	1308.415
11608	20067	Heinz	1307.432
11617	20080	MoRigby	1303.357
11618	20081	mcloving	1303.106
11624	20089	Link	1301.663
11625	20091	aldo	1300.965
11630	20097	Rebbel	1296.788
11631	20098	Javito	1296.606
11632	20099	AmaBelli	1295.88
11640	20114	Joshua R	1291.232
11642	20118	Jtg	1289.174
11648	20126	David	1286.373
11656	20139	Panxer	1280.502
11667	20152	Jfredy	1269.274
11668	20154	Yuri-Meza	1268.065
11670	20156	Tito	1265.562
11677	20164	Dr. Tocino	1255.639
11678	20168	Akiro	1253.086
11683	20175	Roberto	1246.263
11688	20181	Luis	1238.376
11692	20185	Cheko	1223.052
11702	20195	Axel	1208.25
11704	20197	Omar	1203.324
11714	20208	Andrex	1162.73
11720	20215	Polo	1139.905
11724	20219	Gisel	1125.476
